,Patentes,PIB_per_capita,Inversion_ID,Calidad_institucional,Penetracion_de_internet
count,21.0,21.0,21.0,21.0,21.0
mean,151.47619047619048,5234.4538095238095,0.21285714285714288,41.785714285714285,0.3492714285714286
std,114.45855977060826,2010.5493539987426,0.06157457731425016,3.8520612293012313,0.23539793359937794
min,36.0,2281.4,0.13,34.94,0.0221
25%,53.0,3414.47,0.15,38.34,0.1101
50%,93.0,5472.54,0.2,42.49,0.365
75%,233.0,6424.98,0.27,45.01,0.5591
max,365.0,8218.35,0.32,46.23,0.68
